id, title, author, score, views, favors, isTutorial
post_70330,Были получены исходники 3300 глобальных интернет-проектов,mobilz,+1154,84063,644,0
post_124363,История игрушки. Поле Чудес,PapaBubaDiop,+913,72250,523,0
post_193488,Как Денис Крючков выкупил Хабр у Mail.ru,sinodov,+782,187051,277,0
post_211580,За что конкретно я ненавижу некоторых отдельно взятых маркетологов — или как айтишник по магазинам ходил,Milfgard,+724,332739,701,0
post_189706,Дети не умеют пользоваться компьютерами… И вот почему это должно вас беспокоить,guessss_who,+674,323311,1301,0
post_175827,Как мы искали Марс-3,Zelenyikot,+661,182022,410,0
post_157947,Прекратите скручивать!,vvzvlad,+652,388098,3349,1
post_97142,Отказ от устаревших браузеров,invladis,+629,109140,46,0
post_127197,Читаем QR код,tgx,+603,234144,1436,1
post_176481,Уязвимость на Habrahabr или как украсть инвайт,antonk18,+581,124980,93,0
post_102747,Плюсы и минусы работы из дома,FlamingDeth,+564,57792,475,0
post_132668,Нифига себе сходил за хлебушком comma  или история одного взлома,kay,+560,39878,592,0
post_106756,30 копеек для Михалкова,NaFigator,+559,16776,55,0
post_110174,Моё путешествие в будущее,tangro,+558,35572,149,0
post_110395,Как я наказал Firaxis или история о том comma  как перебрать бинарный движок через глушитель,Harkonnen,+543,46802,416,0
post_120344,Бейджи для Хабра comma  версия,idenisenko,+542,6817,83,0
post_145960,Когда я говорил…,sashaeve,+540,53398,793,0
post_171905,Загадка выпадающего списка «Амазона»,FakeFactFelis,+538,122220,1799,0
post_216315,Банкомат. Некоторые особенности,UserSide,+536,129696,488,0
post_131216,Взгляд изнутри: светодиодные лампочки,Tiberius,+532,168239,593,0
post_185510,Самодельный трекинг посылок comma  или Туда и Обратно,legrus,+531,435170,391,0
post_114746,Как ВКонтакте забирает домены у пользователей,megaweber,+530,26812,32,0
post_91646,Офис компании Boomburum,Boomburum,+512,125219,1148,1
post_201172,Почему Microsoft Internet Explorer 11 — худшее comma  что могло случиться с нами,forgotten,+505,262626,260,0
post_132109,Госнаркоконтроль преследует Ализара,Mithgol,+503,10382,95,0
post_157775,Клавиатура comma  идея comma  две руки,densss2,+501,133305,460,0
post_106684,Ускорение загрузки Windows for fun and profit,amirul,+500,202684,2581,0
post_153085,Free-lance.ru сошёл с ума,andorro,+499,243375,155,0
post_185334,Особенности русской разработки,Zibsun,+495,233873,1166,0
post_97956,АйВантуз — идеальная подставка для вашего айПада,Zhendalf,+488,23232,63,0
post_120699,Безопасность интернет ресурсов — взлом сайта rospil.info,dharrya,+475,9892,136,0
post_134373,Полупроводниковая электроника,tgx,+470,68143,1974,1
post_93532,Интернет магазин — 15000 евро за первый месяц,clops,+469,43720,605,0
post_49778,О том comma  что сегодня произошло с «аськой» (часть 1-я),persei,+468,6078,34,0
post_93210,Краткое введение в SIM-карты,OgreSwamp,+466,43025,534,0
post_61109,Мощный лазер своими руками за один вечер,Devix,+463,218849,879,0
post_171325,То comma  чего еще никто не писал про Нокиа comma  Элопа и горящую платформу,stpark,+462,211994,1434,0
post_156049,Микроэлектроника для космоса и военных,BarsMonster,+461,134591,580,0
post_174773,Уязвимость графического пароля,eucariot,+455,207759,250,0
post_147828,Восстановление расфокусированных и смазанных изображений. Практика,YUVladimir,+453,71964,2048,0
post_100446,Беспределу нет предела #ВКонтакте,artpetrov,+453,29489,72,0
post_183674,Как я искал работу или Как не надо проводить собеседования,voff,+451,198266,521,0
post_102000,Электровелосипед своими руками,AYrm,+449,89132,497,0
post_88061,Как я жарил видеокарту,ernesttsenre,+448,27841,122,0
post_144181,Как я выиграл суд с EMS Почта России,coolmiha,+445,104486,869,0
post_164083,Уроки написания утилитки на $1 000 000,bitmap,+443,163270,1137,0
post_178555,Как нельзя зарядить смартфон,dlinyj,+442,130010,256,0
post_212939,Почему курсор мыши наклонён на 45°?,alizar,+441,165450,205,0
post_82273,Прощай comma  карма или Кому нужен iPad?,andorro,+438,21690,17,0
post_169239,300 миллионов пользователей и переход на WebKit,pepelsbey,+436,141987,101,0
post_192218,Что нам стоит байк построить?,kibizoidus,+435,117427,361,0
post_50497,Памятка дизайнеру сайтов,iderins,+435,44833,1454,0
post_128278,С Днем программиста!,valzevul,+431,7807,13,0
post_119583,Против анонимного пользователя Хабрахабра будет возбуждено уголовное дело,Hoorsh,+425,13597,40,0
post_95994,Что же яблофилы и яблофобы так и не поняли?,dmitriid,+425,9203,59,0
post_210254,Уроки космических катастроф,lozga,+424,110741,386,0
post_211701,Ловец молний,vovalog,+417,95529,345,0
post_138912,Психологическая деформация программистов. Взгляд с обеих сторон баррикад,evgenyl,+411,54895,1724,0
post_163097,Светодиодная лента в качестве освещения комнаты,lipskiy,+410,330279,1982,0
post_67141,Верни мои деньги comma  банкомат!,Boomburum,+410,27869,240,0
post_147843,Как распознать кракозябры?,soulburner,+407,58127,1987,0
post_173413,Сказ о том comma  как один нерадивый провинциал в MIT поступал,Bloodrammer,+406,147092,543,0
post_113561,Поможем Сбербанку,forgotten,+406,4824,24,0
post_102521,Декодирование JPEG для чайников,Fil,+402,36618,859,1
post_119984,С 5-летием comma  Хабр!,Xalegi,+401,501,5,0
post_114671,Простой рельефный фон за 5 секунд,Dmitry_f,+397,24547,1507,0
post_170487,Антивирус Бабушкина,yaPetrovich,+396,359919,210,0
post_133643,HOWTO: свой бизнес в США из России,mgremlin,+394,30911,1621,0
post_153557,Самый богатый айтишник на этой улице,digest,+392,129361,717,0
post_206900,Безопасен ли Telegram? Или как я искал закладку в MTProto,x7mz,+390,111691,142,0
post_64535,Ломаем каптчу Яндекса,P_r_i_m_a_t,+386,20297,274,0
post_196282,О космической доброте и Челябинском метеорите,Zelenyikot,+385,95108,259,0
post_86282,Как я ловил хакера,masiandr,+383,14305,101,0
post_165091,13 причин не быть управленцем,TheR,+379,199714,979,0
post_180663,Дистрибутив Fedora Linux для Raspberry PI теперь…,Jeditobe,+377,233354,133,0
post_114082,TOP'ай сюда,amarao,+377,28904,1431,0
post_161301,Подделываем вашу подпись при помощи шарнирного механизма. Теорема Кемпе,khdavid,+376,172731,891,0
post_172393,Новый троян с валидной цифровой подписью LLC Mail.Ru маскируется под обновления популярных программ,tavel,+375,201499,164,0
post_128972,Получаем изображение с оптического сенсора комьютерной мыши с помощью Arduino,webaff,+375,35386,371,0
post_86394,Как ловили меня,odiszapc,+373,13351,67,0
post_117202,Сайт Сколково,oYASo,+370,17775,70,0
post_59187,QIP — Минутка ненависти (хистори на сервере),fog,+369,4445,14,0
post_131386,Обновление версий Android: печальная статистика,Maslukhin,+366,5621,52,0
post_210142,Не дразните программиста,Artem_7,+364,126980,553,0
post_137759,Предваряя вопросы «Что случилось с рутрекером?» comma  сразу отвечу на них,rutracker,+363,22299,48,0
post_94537,С Днём Рождения comma  Хабр!,Xalegi,+362,1291,6,0
post_178099,Первый украинский SSD диск или вторая жизнь швейцарского компьютера,procd,+361,84515,204,0
post_70167,Сервер на стероидах: FreeBSD comma  nginx comma  MySQL comma  PostgreSQL comma  PHP и многое другое,SaveTheRbtz,+361,13990,1180,0
post_185806,Техника для проверки подлинности денег,Ocelot,+360,113010,604,0
post_170865,Водитель марсохода Curiosity отвечает Хабру,Zelenyikot,+359,110169,278,0
post_145956,Сколково на вашем столе (или история о том comma  как я делал электронное устройство с нуля),aureliano_b,+357,21299,581,0
post_138833,Взгляд изнутри: LCD и E-Ink дисплеи,Tiberius,+353,47796,971,0
post_206264,Изобретаем JPEG,Fil,+352,59137,1001,1
post_53682,Логотип за 4 доллара,lastik,+352,15028,85,0
post_78744,Как веб-дизайн катится прямо в Ад,guessss_who,+351,20861,355,0
post_217645,Как Минковский во Flappy Bird играл,s3r4f1m,+350,74461,354,0
post_132232,Почему ИТшнику стоит стать ИПшником и почему не стоит регистрировать ООО,demark,+350,25432,1193,0
post_126817,Российские аккаунты Paypal смогут принимать деньги,solovjeff,+350,3380,71,0
post_91727,Вот и мой файлообменник «прижали к ногтю»,IgorKamenev,+350,6243,24,0
post_152885,Восстановление расфокусированных и смазанных изображений. Повышаем качество,YUVladimir,+349,117271,1190,0
post_147042,Как воровать бензин с помощью Ассемблера (основано на реальных событиях),Kpyto,+349,26292,237,0
post_109958,Президент Росcии игнорирует (с),fStrange,+349,2136,15,0
post_145890,Дефейс официального сайта ЕГЭ Санкт-Петербурга,ivako,+348,15673,98,0
post_90308,Обзор Apple iPad,Boomburum,+348,4228,52,0
post_87060,Шпионские истории. «Камбала»,Vaproldj,+347,6412,50,0
post_83155,История одного дата-центра,Boomburum,+346,12698,116,0
post_137539,Как я был торговцем порно,billpnz,+345,17823,128,0
post_122445,Памятка пользователям ssh,amarao,+344,178933,3756,0
post_130309,RIP Dennis Ritchie,whitequark,+344,1130,17,0
post_87933,Сервис iFolder.ru временно закрыт,xarigul,+344,14769,24,0
post_134150,CSRF уязвимости на примере ХабраХабра,kafeman,+343,5891,265,0
post_103137,Офис на необитаемом острове — реальность,yakovis,+342,8695,219,0
post_68131,Шантаж,streetche,+341,8682,94,0
post_117193,Очнитесь comma  на дворе XXI век,tangro,+339,7740,289,1
post_90171,Прекращение предоставления услуг компании «Макхост»,jazzman,+339,142567,14,0
post_39419,Мал comma  да удал: Trojan-Downloader.Win32.Tiny,nchaly,+337,3824,103,0
post_130002,Как создается аниме,ertaquo,+336,57513,315,0
post_149179,Как comma  зная только имя и email человека comma  злоумышленники получили доступ ко всем его аккаунтам и удаленно уничтожили информацию на всех его устройствах,SkidanovAlex,+335,122897,556,0
post_134465,Кухонный компьютерный стол,zombic,+335,13393,350,0
post_205038,Как я покупал 3D-принтер,GoldSerg,+334,330249,454,0
post_193146,Сварка оптических волокон. Часть 1: кабели и их разделка comma  оптический инструмент comma  муфты и кроссы comma  коннекторы и адаптеры,stalinets,+334,140983,1417,1
post_74283,Как я строил свой датацентр — часть третья. Волшебство электричества и холода,piroman,+334,9472,92,0
post_192604,Джефф Дин из компании Google — это Чак Норрис нашего времени,alizar,+333,172574,433,0
post_178959,Путешествия во времени и программирование 2: парадоксы,TimeCoder,+331,154924,1186,0
post_132486,Процессор,sourcerer,+331,25264,664,1
post_114124,Самые дурацкие вопросы на собеседовании,Youri_M4U,+331,49651,295,0
post_178339,Разработчики игры Game Dev Tycoon подшутили над пиратами,alizar,+330,261383,141,0
post_131065,Как я собрал первый аналоговый клиент для твиттера,romantik,+330,2836,92,0
post_107625,Регистрация своей фирмы собственными руками comma  туду-лист,netAn,+330,12498,977,0
post_206742,Подарок от Skype на новый год,STALKER2011x,+329,760149,271,0
post_131581,Несколько полезных сервисов,an2kor,+329,52499,3045,0
post_107420,Это Вы купили программу? Да ладно…,EvgeniyRyzhkov,+329,7609,30,0
post_142909,Мегафон вмешивается в трафик до юзера,ksenobayt,+328,8044,62,0
post_130877,Элиза,sourcerer,+328,6999,306,0
post_59142,ВНИМАНИЕ! QIP.RU ВЗЛОМАН!,highw,+327,2865,12,0
post_179217,Внезапно: спутник Электро-Л снял затмение по нашей просьбе,Zelenyikot,+326,88873,107,0
post_155041,Зачем нужны попы в ВУЗе?,Shpankov,+326,149177,232,0
post_136558,Лекториум записал почти тысячу лекций за год,yasha_somov,+326,37142,2514,0
post_96684,Делаем твёрдый переплёт для любимых книжек,Serenevenkiy,+326,69247,669,0
post_158449,Электронная система управления подвеской горного велосипеда,vkolotov,+325,105313,483,0
post_137634,Боитесь что снова закроют ex.ua? Не стоит — все можно скачать на сервере Министерства внутренних дел Украины,inoname,+325,6172,95,0
post_143807,Читаем паспортные данные студентов comma  школьников и пенсионеров у них из кармана,evgeny_boger,+324,21238,374,0
post_100301,Криптостойкость 1000-кратного хеширования пароля,OLS,+324,8055,222,0
post_94370,Русский Наебизнес,clops,+324,5573,38,0
post_79919,Компьютер в машине,AusTiN,+324,18050,226,0
post_64254,Самая маленькая игра в мире (58 байт),PatapSmile,+324,11818,100,0
post_132490,Видеоплеер из подручных материалов,anmipo,+323,13976,274,1
post_74524,Почему с нами остаются 90% клиентов,mikevinogradov,+321,4745,303,0
post_147838,Как определить язык по виду иероглифов/закорючек?,soulburner,+317,39218,1154,0
post_66963,Про 112 comma  и как он работает,force,+317,11527,32,0
post_197290,Веб 3.0 Децентрализация. Тренд на 5+ лет,ian_238,+316,107476,457,0
post_153225,Как два программиста хлеб пекли,ilichme,+316,154091,884,0
post_149636,Зачем Mail.Ru занимается разработкой шпионского программного обеспечения?,Hitma47go,+316,154140,122,0
post_107605,Here be dragons: Управление памятью в Windows как оно есть [1/3],amirul,+316,32641,459,0
post_74232,Грустная статистика или никогда не надейтесь на фрилансеров,oowl,+316,6117,71,0
post_115855,О другом подходе к устройству на работу,Sonnetahr,+314,6990,442,0
post_206148,Создание собственных драйверов под Linux,dlinyj,+313,76834,1043,0
post_153953,Психиатр о запретах Youtube comma  Wifi для детей comma  блокировании сайтов,Alexufo,+312,104412,346,0
post_125734,3G дыра,krivotester,+312,17571,95,0
post_113205,8 полезных сервисов для веб-разработчика и дизайнера,AndreyMorozov,+311,12868,1407,0
post_198482,Десятка лучших консольных команд,Spetros,+310,118592,1654,0
post_176787,18-ступенчатый гауссган,Llevellyn,+310,163422,313,0
post_140938,Как я получил ключ к Diablo III Beta,vip_delete,+310,29232,212,0
post_52475,Прогрессивные технологии comma  как способ выжать из сервера максимум,SaveTheRbtz,+310,3396,614,0
post_166377,История реверс-инжиниринга одного пушистого зверька,afan,+309,102824,291,0
post_162209,В поисках идеального поста comma  или загадки хабра,ID_Daemon,+309,67685,95,0
post_129893,Взгляд изнутри: CD и HDD,Tiberius,+309,21499,366,0
post_155593,Обустраиваем рабочее место программиста в деревне,konst20,+308,139702,823,0
post_129437,The Foundry Nuke. Введение,moooV,+308,15478,279,0
post_117050,Команда dd и все comma  что с ней связано,Vorb,+307,49786,702,0
post_116222,Распознавание некоторых современных CAPTCHA,Pastafarianist,+307,21090,420,0
post_104451,Немного пятничной радости на CSS3,Kottenator,+307,7350,117,0
post_85380,Про системного администратора comma  обыск в его квартире и незаконное изъятие компьютерной техники,ilawyer,+307,4334,121,0
post_217545,Как правильно лгать с помощью статистики,varagian,+306,81991,736,0
post_170323,Сколько-сколько? Я бы это сделал за Х/10 рублей!,Staltec,+306,102672,202,0
post_164539,Атакуем через HTML тег а,fil9,+306,85794,622,0
post_132795,Очередной пламенный привет господам копирастам,forgotten,+306,1225,36,0
post_111954,Медиамагия: Приходишь домой comma  берёшь пульт и выбираешь comma  чтобы посмотреть с трекера,vnizzz,+306,6044,486,0
post_50408,Фармакология или мозг. Учись не работать.,Voliadis,+306,6990,160,0
post_181219,Как Яндекс распознаёт музыку с микрофона,yurkennis,+305,95916,626,0
post_92112,«Сложный пароль» в расшифровке не нуждается,yoihj,+305,5505,80,0
post_89882,Взлом security.vkontakte.ru,KvaNTy,+305,3892,56,0
post_187210,Хроническая усталость comma  апатия comma  сезонная «депрессия» и многое другое: тривиальная причина,BarsMonster,+304,215576,1146,0
post_119424,Эмулятор компьютера с linux на JavaScript,amarao,+304,13197,282,0
post_117389,Налог на жесткие диски. Критика,Hoorsh,+303,1738,15,0
post_180899,Как хвост виляет собакой. Азбука пропаганды,oshibka404,+302,144062,1376,0
post_153091,В пень free-lance.ru!,dtcDev,+302,205944,1622,0
post_103660,Почему папки желтые,rogix,+302,4048,152,0
post_38069,QIP 2008 concept,object,+302,1299,101,0
post_163369,Помогите comma  нас захватывают,samat,+301,160553,92,0
post_130021,Шутер с псевдо-3D графикой на… bash,fader44,+301,4202,124,0
post_114256,Чек-лист вёрстки. Что можно отдавать клиенту comma  а что надо переделывать,Delka,+301,32453,1251,0
post_73128,Linus recommends Windows7,volly,+301,2109,25,0
post_116659,Ядерный реактор – дома с нуля,BarsMonster,+300,77365,359,0
post_214877,Релиз KPHP и движков,brainfucker,+299,87820,609,0
post_159811,История борьбы с трояном-файлошифровальщиком – поход в центр управления за ключом,psi314,+299,99145,463,0
post_124403,Произносим правильно,gag_fenix,+299,11462,597,0
post_95646,История Linux. Вкратце о главном,artifex,+299,6153,137,0
post_206924,Что же не так с QR-кодами?,kefiijrw,+298,122773,305,0
post_127592,Моя бабушка — программист,Nicolette,+298,3520,54,0
post_119210,Когда лицензионный контент не нужен,Mithgol,+298,6152,95,0
post_56848,Как создать идеал?,Mastyf,+298,5530,98,0
post_217775,Факты о космосе comma  в которые трудно поверить,Zelenyikot,+297,124293,219,0
post_168003,Google заблокировал приложение Moon+ Reader по жалобе LitRes,Buggins,+297,143767,94,0
post_151902,Красной таблетки не существует,Cord,+297,96706,832,0
post_134230,ВКонтакте переписали алгоритмы для РосПил за 20 минут,MrMmka,+297,2753,43,0
post_107465,Олдскульный фотошоп,digreen,+297,3212,75,0
post_211128,Оона Ряйсянен определила GPS-координаты вертолёта по звуку с Youtube,alizar,+296,128220,220,0
post_173833,Мультфильм на осциЛЛографе,0xy,+296,101296,302,0
post_92303,Стандартный программист,ScREW,+296,4257,76,0
post_47141,Совестно быть пиратом…,modernstyle,+296,1966,28,0
post_191608,А давайте действительно заблокируем правительству доступ к сайтам?,mutiev,+295,140136,134,0
post_161067,Прекратите скручивать — 2. О способах крепления кабеля,vvzvlad,+295,181110,1589,1
post_152967,Наберитесь смелости сделать не как все. 12 устаревших интерфейсных и технологических решений,Silf,+295,198424,1561,0
post_93507,Банкоматных вирусов пост,ikorolev,+295,5771,121,0
post_199264,Узбеки и IT,laparka,+294,112364,95,0
post_118063,Репутация логотипа Internet Explorer,tangro,+294,3646,23,0
post_114014,Китайцы — они такие китайцы,XMLshop,+294,48690,292,0
post_100502,А вы знаете comma  что 05.wmv и 06.wmv запрещены Министерством юстиции РФ?,andrew_che,+294,2042,20,0
post_147226,Анатомия шрифта,soulburner,+293,8195,1441,0
post_130868,Хочется взять и расстрелять comma  или ликбез о том comma  почему не стоит использовать make install,kekekeks,+293,23636,1303,0
post_102565,Что это было? Дефейс Вконтакте?,nightfly,+293,1227,11,0
post_158545,Уязвимость в skype comma  позволяющая угнать любой аккаунт,ReaM,+292,364671,288,0
post_116861,Свет и освещение,BarsMonster,+292,36526,726,0
post_203048,Игра в 0 строк кода на чистом JS,0xy,+291,110170,153,0
post_176103,Википедия не собирается подчиняться давлению «слабых и трусливых политиков»,aleksandrit,+291,99164,65,0
post_134115,Что в действительности кроет в себе страшная цифра восемь,Nurked,+291,4715,180,0
post_56833,В поисках настоящего Билла Гейтса,pesbarbos,+291,3052,51,0
post_144758,Визуализация «В Контакте»: Скажи мне comma  кто твой друг?,anvaka,+290,37318,757,0
post_126308,Лайтпак 5.5 опубликован,atarity,+290,3207,165,0
post_206730,Яндекс посвятил страницу плееру Winamp,Zalina,+289,65669,185,0
post_163637,Робот-пылесос Kärcher RC 3000: опыт эксплуатации,hdablin,+289,185491,540,0
post_120425,Интерфейс банкоматов Сбербанка 4 месяца спустя,samat,+289,1712,8,0
post_130361,Имена людей и интерфейс,FakeFactFelis,+288,5249,465,0
post_107251,Фотографируем Солнце,tau,+288,5108,115,0
post_136853,Восстановление расфокусированных и смазанных изображений,YUVladimir,+287,52978,759,0
post_82670,Распространенные заблуждения про банковские карточки,begoon,+287,21298,182,0
post_74442,Новый конкурс Вконтакте — наглый обман,furyk,+287,2219,8,0
post_133741,Фоторама,artpolikarpov,+286,11306,741,0
post_128642,Рутрекеру — 7 лет,rutracker,+285,1335,3,0
post_112449,Определение местоположения отключенного телефона: миф?,AVET,+285,39010,112,0
post_91665,Программизм: история одной болезни,mace,+285,2493,129,0
post_150661,Расставляем точки на Li: Нужна ли тренировка литиевых аккумуляторов?,vvzvlad,+284,221793,1034,0
post_143834,Взломать Wi-Fi за 10 часов,gorl,+284,726314,2845,0
post_112608,Остросюжетный обзор DESTEN Cyberbook U872,Boomburum,+284,65999,49,0
post_164175,Технология быстрого создания фонов для 2D-игр на базе 3D-заготовок (48 часов разработки),Weilard,+283,89207,1030,0
post_181013,17-летний подросток опубликовал 0day XSS в PayPal после того comma  как ему отказали в вознаграждении,ValdikSS,+282,160103,53,0
post_167677,Как превратить браузер в notepad за 1 секунду,SLY_G,+282,105173,858,0
post_158345,Рутрекер занесен в реестр РосКомНадзора,rutracker,+282,180206,68,0
post_63854,Ломаем капчу,1div,+282,18937,150,0
post_80732,Сдача сессии по-английски,kachkaev,+281,3182,130,0
post_79696,Вам календарик 2010,anatoly_rr,+281,1341,126,0
post_131305,Почти идеальная схема мошенничества с использованием webmoney,FladeX,+280,14297,80,0
post_109269,Ну что же ты comma  Google,winzard,+280,5155,14,0
post_133303,Алгоритм сортировки Timsort,Infopulse_Ukraine,+279,42911,786,0
post_216637,Карточные игры,UserSide,+278,98328,428,0
post_158565,Opportunity – позабытый рекордсмен,Zelenyikot,+278,58094,112,0
post_126409,Множественные CSRF уязвимости в крупнейших порталах Рунета,Graphite,+278,5683,217,0
post_116720,Делаем качественный переплёт для любимой книги,LongFireDemon,+278,56060,452,0
post_112321,Полулегальное воровство печеньками,XMLshop,+278,35376,264,0
post_101028,Живая каркасная модель мотоцикла,podust,+278,1851,25,0
post_62109,ЕГЭ изнутри (глазами админа),beliyadm,+278,3644,72,0
post_124054,Epic Fail от IDA и Eset,gjf,+277,16070,78,0
post_107637,Here be dragons: Управление памятью в Windows как оно есть [3/3],amirul,+277,36237,347,0
post_101271,Опубликовано доказательство P ≠ NP?,vimmer,+277,9835,55,0
post_146489,Я презираю Arduino,aronsky,+276,71831,613,0
post_122551,А знаете ли вы comma  что…,voodee,+276,1382,34,0
post_120286,Алексей Навальный представил интернет-проект для борьбы с ямами на дорогах,aleksandrit,+276,1056,35,0
post_216439,Самодельные цифровые солнечные часы,SMihalkov,+275,81282,284,0
post_204580,Обновление Яндекс Диска привело к неработоспособности Windows и программ,aivus,+275,235350,109,0
post_177347,Клавиатура своими руками под свои руки,philpirj,+275,77025,324,0
post_165531,Звезда Смерти не нужна когда есть Curiosity,Zelenyikot,+275,117196,127,0
post_139819,Фобос-Грунт. Уроки для оставшихся на Земле,track,+275,6827,177,0
post_125564,Достала избыточность С++,nrcpp,+275,4234,117,0
post_116291,10 фактов про леммингов comma  о которых вы даже не подозревали,ThePretender,+275,3800,217,0
post_160615,In Soviet Russia… Apple не удалось зарегистрировать торговую марку для iPad в Роспатенте,de1337ed,+274,117858,39,0
post_158613,Microsoft Surface: три недели вместе с самым противоречивым планшетным компьютером,vilianov,+274,209093,129,0
post_134862,Взлом с продолжением,mangust59,+274,13837,238,0
post_115451,О том comma  как я заставлял Ubuntu работать 10 часов от батареи,Zevaka,+274,56655,797,0
post_193554,Отличный ход comma  QIWI!,Terehoff,+273,178533,38,0
post_189750,Псевдоскоп comma  или что если поменять глаза местами,kefiijrw,+272,150837,333,0
post_163831,Удивительный Марс,Zelenyikot,+272,79127,171,0
post_163689,Миникомпьютер из роутера с OpenWRT: разрабатываем USB-видеокарту,Ariman,+272,118556,825,0
post_119324,Полностью автономная камера наблюдения,apple_fan,+272,17347,303,0
post_37013,Эксперимент №1. Сколько орешков в тарелке?,naz2,+272,1350,21,0
post_198896,Юзабилити посадочного талона: как спасти две человеческие жизни в год,vorotila,+271,130486,194,0
post_101810,Пишем свою ОС: Выпуск 1,iley,+271,29705,442,0
post_203490,Почему 98% текстов на ваших сайтах не работают. Вообще. И как это починить,Milfgard,+270,171708,1523,0
post_65384,pv — маленькая comma  но очень полезная утилита,Yur4eg,+270,10439,498,0
post_59533,Основатель Pirate Bay призывает наказать юристов IFPI денежной DDo$-атакой,yrygvay,+270,1430,20,0
post_216991,Регистрация сайтов: теперь за 1000 рублей,mgremlin,+269,94303,68,0
post_194774,Самый крутой системный блок для PC (сделай сам),Meelexx,+269,218238,569,0
post_169339,Чем плох свой Open Source проект,dzaporozhets,+269,60930,194,0
post_167523,Термоядерная энергетика: надежда человечества?,BarsMonster,+269,125933,373,0
post_157447,Рендер Diablo3. Как это работает,UrsusDominatus,+269,91394,455,0
post_144741,Единственный способ,tangro,+269,66512,380,0
post_130782,24-летний студент начал войну против Facebook,alizar,+269,24048,144,0
post_129171,Легкий способ бросить писать идеальный код,jlbyrey,+269,7596,523,0
post_83989,Жизнь и развитие IE6 в комиксе,TecHMeaT,+269,2795,54,0
post_74263,Как увели мои деньги с кошелька Яндекса. Часть 1,fromrussia,+269,12160,42,0
post_86939,Про хакеров comma  кадабру и ТМ,aLexusPro,+268,604,22,0
post_118954,Старый comma  но еще рабочий 286,Linol,+267,6798,92,0
post_78311,Почему RAID-5 — «mustdie»?,track,+267,40936,221,0
post_179577,Как работает «Освободитель» (Да-да comma  мы напечатали пистолет),vvzvlad,+266,212409,197,0
post_118208,Пора завязывать использовать пробелы вместо табуляции в коде,TheShock,+266,11585,105,0
post_50690,Panasonic атакует,g0ff,+266,4460,104,0
post_148782,Как я покупал квартиру,ffriend,+265,26294,797,0
post_129101,Почему в WiMax и LTE используют OFDM,tgx,+265,27649,353,1
post_110899,Апгрэйд «мыльницы» до микроскопа,Azya,+265,6797,180,0
post_101346,Генерирование изображений-заглушек,stansult,+265,4301,354,0
post_20588,Чёрточки: только ли тире comma  минус и дефис?,besisland,+265,31499,937,0
post_191084,Ко дню рождения Мастдайки,Antikiller,+264,95542,174,0
post_129232,Уникальная схема взлома мобильных телефонов в России — как это работало,EldarMurtazin,+264,12429,87,0
post_123856,Статистика по профилям пользователей ВКонтакте,belk,+264,32779,236,0
post_106387,Грабли при верстке HTML писем,latrekc,+264,23320,920,0
post_82544,Сравнение кодеков libtheora и x264,XaLBa,+264,1936,37,0
post_183722,Дизайнер на кладбище,Marchevsky,+263,81358,55,0
post_181265,Необыкновенный способ генерации лабиринтов,Thoughteer,+263,53932,809,0
post_171273,Мифы нашего времени: генетически модифицированные организмы. Так ли страшен черт?,viktorious,+263,197458,920,0
post_75248,Дао Вебсервиса. (Или да хватит же изобретать велосипеды!),el777,+263,9595,451,0
post_165967,Разработчик передал свою работу на аутсорсинг в Китай и проводил время на Reddit,FakeFactFelis,+262,176558,176,0
post_161223,Жизни нет comma  населена роботами,Zelenyikot,+262,102507,126,0
post_143169,Взгляд изнутри: матрицы цифровых камер,Tiberius,+262,37818,453,0
post_113628,Анализируй это comma  или почему я каждый день опаздываю и получаю премию,mcconfig,+262,5994,295,0
post_108917,Взлом журнала Vogue или видео плеер за 119 руб,s2d,+262,10196,95,0
post_104035,Простейший взлом пароля,oe24,+262,9322,32,0
post_102153,Наш опыт участия в 10K Apart или как ужать 40 Кбайт кода в 10,whoozle,+262,4047,122,0
post_177159,Как я Quake в браузере делал,SiPlus,+261,81340,310,0
post_129863,Стоит ли быть «успешным»?,Legich,+261,7703,369,0
post_113246,История одного «нарушения» авторских прав. Часть 2,peter23,+261,3470,62,0
post_99716,Юзабилити кабинки туалета,Kottenator,+261,3272,57,0
post_84185,Как я покупал iPod touch на ebay comma  и как мне пришло не совсем то…,timsoid,+261,13589,355,0
post_82993,Почему сегодняшние нетбуки мне не нужны даже даром?,Novikov,+261,6355,34,0
post_213215,Теплый ламповый звук,oxothuk_uae,+260,96432,567,0
post_204342,Как мы пытаемся продать PVS-Studio в Google или очередные ошибки в Chromium,EvgeniyRyzhkov,+260,46977,51,0
post_195580,Смотрим на мир глазами рака-богомола: ближний инфракрасный диапазон,vvzvlad,+260,110239,247,0
post_169347,Теория относительности в картинках,Tazman,+260,191576,1020,1
post_147484,Отправляем заявление в Государственную Думу по законопроекту №89417-6,vodka_ru,+260,21165,75,0
post_90620,Почему Apple на самом деле не любит Flash comma  и при чём тут Android,Kiriyama,+260,3317,19,0
post_160621,Какого цвета Марс?,Zelenyikot,+259,115816,221,0
post_142836,ВКонтакте ддосит antigate.com,hormold,+259,33165,86,0
post_131840,Испанский суд признал пиратство безвредным,FakeFactFelis,+259,767,80,0
post_131175,Что делать comma  если вам грозят 38 млрд. (или меньше) за нарушение авторских прав,El_mario_che,+259,2626,341,0
post_120233,Красивый пример фишинга во «В Контакте»,aleksandrit,+259,7737,57,0
post_118534,Делаем микросхемы дома — шаги 0 и 1,BarsMonster,+259,21642,188,0
post_195454,Спасем крупнейшую медиатеку в рунете. Вся база rutracker у Вас на компьютере,J_o_k_e_R,+258,139260,686,0
post_181315,Аномальное голосование на сайте «Российская общественная инициатива» (РОИ),zapimir,+258,109706,79,0
post_196862,Процедурный генератор хрущёвок,BasmanovDaniil,+257,76942,306,0
post_190480,Как закрыть Интернет в России,amarao,+257,167167,129,0
post_127786,Вскрытие чипа Nvidia 8600M GT,Tiberius,+257,20251,168,0
post_110234,От песка до процессора,Boomburum,+257,103319,273,1
post_73127,Серьезный разговор о рулях,Boomburum,+257,9684,121,0
post_202184,Отладка самолета? Это очень просто!,curiousGeorge,+256,82324,241,0
post_132401,Дизайн будильника моей мечты,Adrior,+256,4520,283,0
post_207780,Лицензионное соглашение Облака Mail.Ru изменено,utkorose,+255,112298,54,0
post_113445,Почему я не верю в возможность улучшения сервиса в Сбербанке,forgotten,+255,2598,20,0
post_212997,Опасное развлечение: простой для повторения генератор высокого напряжения,kreosan,+254,150245,511,1
post_154413,Редактирование комментариев,habriel,+254,27486,13,0
post_148665,Радиоэлектронный фриланс,DIHALT,+254,31055,591,0
post_131020,Anonymous обрушили серверы с детской порнографией,jeston,+254,9610,45,0
post_96978,Жаргон программистов,Yakhnev,+254,9142,251,0
post_77623,Почему я убегу из школы,averkin,+254,2919,35,0
post_63732,На работу вовремя,voronove,+254,1367,28,0
post_207990,Часть 2. Сколько мегабит/с можно пропустить через зрительный нерв и какое разрешение у сетчатки? Немного теории,Meklon,+253,137340,827,0
post_129145,История одного «очень китайского» телефона,simbiod,+253,4442,28,0
post_127359,Некто решил удалить все упомининания о себе в сети. Что делать?,snusmumrik,+253,3064,55,0
post_58445,Антидизайн. Часть 2. Очевидные приемы,anti1869,+253,1348,156,0
post_210198,Математик взломал сайт знакомств и нашёл девушку мечты,alizar,+252,167808,258,0
post_128279,Happy 0b100000000 day!,mktums,+252,530,9,0
post_116560,FPV,maloii,+252,21058,325,0
post_195718,Как Сбербанк распространяет ваши личные данные,beskov,+251,136762,79,0
post_168421,Жизнь на плоскости Лобачевского,Mrrl,+251,54055,406,0
post_157969,Осторожно при покупке MacBook. Высокотехнологический способ мошенничества в оффлайне,rule,+251,166661,302,0
post_136283,Я не знаю Си,gribozavr,+251,10174,625,0
post_111956,Медиамагия: Настройка,vnizzz,+251,3291,493,0
post_62919,Взаимодействие между несколькими .bat comma  мультиплеер на .bat,Imp5,+251,3439,133,0
post_55143,Жизнь после фриланса,tanq,+251,2086,50,0
post_182290,Игровая партия длиной 12 лет… Кто больше?,Labutin,+250,121533,110,0
post_87827,Почтовый Дымовский. Попробуем достучаться до верхов?,hellt,+250,501,20,0
post_202010,Реализация мечты comma  или Радио 86РК — 25 лет спустя,curiousGeorge,+249,56462,253,0
post_158877,100 дней любопытства,Zelenyikot,+249,72121,146,0
post_146975,Вы все еще считаете comma  что воткнуть пару проводков в Arduino это DIY?,DIHALT,+249,17517,152,0
post_129533,Ubuntu в техническом вузе,JSK,+249,7311,181,0
post_127205,Вскрытие Pentium III comma  фотографии под микроскопом,alizar,+249,14542,98,0
post_111244,Про сжатие видео — Введение,acmer,+249,12487,248,0
post_199114,Удаленная работа — это не «фриланс»,eliah_lakhin,+248,90831,342,0
post_208060,Истинные причины блокировок сайтов. Исследование по открытым данным,Rassudov,+247,107091,130,0
post_206150,Вторая жизнь старых стрелочных индикаторов,ClusterM,+247,72944,501,0
post_191450,Взлет и падение начинающего фрикера,m0n5ter,+247,77471,116,0
post_181231,Нужны ли программисту бесплатные *люшки (версия 2023),AlexeyKovyazin,+247,93652,221,0
post_157377,Школьные поделки: Battlecruiser & DeathCraft,Athari,+247,66421,115,0
post_129173,Уводим чужие cookies c mail.ru,Flexo,+247,13977,95,0
post_123382,Курс по подготовке идиотов (цитаты из книги «Искусство оформления сайта»),0xy,+247,2363,82,0
post_89884,Как набраться смелости и открыть магазин,valkoivo,+247,35439,319,0
post_209746,Шпионские гаджеты от АНБ,Spetros,+246,258539,854,0
post_208048,Незаметные сложности ракетной техники,lozga,+246,100752,368,0
post_199338,Пара лайфхаков нашего интернет-магазина,Milfgard,+246,84388,300,0
post_117589,Как сохранить здоровье comma  работая за компьютером?,shiro,+246,13844,640,0
post_59570,10 приемов comma  разрушающих хрупкую красоту кода,Alik_Kirillovich,+246,5787,335,0
post_130305,Изменение часовых зон в России comma  Белоруссии и на Украине,roman_tik,+245,10817,233,0
post_108484,История одного «нарушения» авторских прав. Часть 1,peter23,+245,4088,125,0
post_112944,Рейтрейсер на JavaScript,ankh1989,+245,4790,269,0
post_70894,Привет из года 1988-го,sultee,+245,2230,17,0
post_216695,О патриотизме и реализме,Zelenyikot,+244,82023,158,0
post_196388,Как Mail.Ru Group убивает ММО-игры ААА-класса,myclarity,+244,138967,61,0
post_160793,Как работает стилус Galaxy Note,vvzvlad,+244,141944,271,1
post_113127,Забавляемся с хешами,NeverWalkAloner,+244,8430,192,0
post_112726,Просмотри видео на сканере штрихкодов,PatapSmile,+244,1722,36,0
post_204688,Крупнейшая афера с Bitcoin происходит прямо сейчас,ID120,+243,230663,224,0
post_146140,Нескучные интегралы,lany,+243,92902,464,0
post_133258,Реалистичные тени при помощи CSS3 без использования изображений,hautamaki,+243,51053,1308,0
post_132351,Do-Ra. Дозиметр в мобильном телефоне,PapaBubaDiop,+243,14493,80,0
post_131730,Маркерная доска своими руками,Taraba4,+243,33318,405,0
post_36564,Ты на Суперхабре comma  %username%!,Shoohurt,+243,195,6,0
post_171415,Бескомпромиссная мощь и реальная мобильность,ilyafd,+242,155870,541,0
post_170777,Как две недели?!,tangro,+242,97482,353,0
post_163869,Atari Portfolio — ноутбук Джона Коннора,BarsMonster,+242,134437,173,0
post_151381,Главную улику в деле уничтожил вирус,veveve,+242,152275,71,0
post_128911,Как я проходил собеседование в компанию Zynga,valyard,+242,7550,140,0
post_125735,Вокруг Яндекса за 59 дней,amarenkov,+242,10558,58,0
post_122296,ВКонтакте добавили публичные списки друзей,Anexroid,+242,5104,5,0
post_117008,Все о Лазерах,BarsMonster,+242,21384,291,0
post_91266,Взломали Gmail аккаунт,HighQuality,+242,7748,29,0
post_82762,Премиум-продукция? Только не с украинским сервисом!,Andrey_Rogovsky,+242,473,6,0
post_167093,Как начать летать comma  хоть на чем-то comma  самостоятельно,Genius_A,+241,99266,803,0
post_143974,Судья Алсуп умеет программировать и поучает адвоката Oracle,alizar,+241,13268,55,0
post_107446,Сказ о том comma  как Непалы клад искали,Lifz,+241,853,27,0
post_188992,Делаем микросхемы дома — часть 3,BarsMonster,+240,73662,331,0
post_114732,Простой тканевый фон за 5 секунд,s2d,+240,8156,856,0
post_104101,С Днем Программиста!,sidristij,+240,4313,7,0
post_179815,IntelliJ IDEA положена в основу новой Android Studio,beenom,+239,70842,153,0
post_120594,История создания Absolute Games,SLY_G,+239,6829,101,0
post_112953,Что нужно знать про арифметику с плавающей запятой,yruslan,+239,63672,908,0
post_108058,Если нет денег на AXIS comma  или управляемая вебкамера своими comma  в меру кривыми comma  руками,Gol,+239,11423,180,0
post_104202,Комментарии к статье CNews «Дыры в Mail.RU закрывают шантажом»,aig,+239,634,9,0
post_103397,Двадцать лет тюрьмы и миллион рублей штрафа за нелицензионный файл!…,Mithgol,+239,9279,45,0
post_55307,Продолжение топика о детях,eosunknown,+239,1226,27,0
post_213083,Переходы наличности и переходы на личности,ID120,+238,65915,686,0
post_198472,Как я был идеальным заказчиком,suchkovai,+238,69768,253,0
post_195720,Сварка оптических волокон. Часть 2: сварочные аппараты и скалыватели comma  механическое и сварное сращивание comma  отмеривание и укладка волокон,stalinets,+238,86220,748,1
post_154687,Подборка полезного для любителей Twitter Bootstrap,grokru,+238,173935,2973,0
post_198034,Опасна ли комета ISON?,Zelenyikot,+237,72323,115,0
post_167075,Применение процедурных генераторов в создании контента для real-time 3D приложений: Часть 1. Oil Rush,Unigine,+237,66676,593,0
post_131136,Умер Джон Маккарти,S2nek,+237,430,17,0
post_121903,Многопользовательский чат на BAT,k06a,+237,3436,200,0
post_95074,По две симки на одного,Boomburum,+237,3363,15,0
post_210044,Работа инженера — разные необычные истории,Nespashiy,+236,115302,211,0
post_198868,История ошибок: как мы построили и потеряли бизнес с оборотом 500 000 долларов в год,dimadubina,+236,157185,450,0
post_162567,Что в кратере тебе моём?,Zelenyikot,+236,48307,103,0
post_129664,Еще раз про IP-адреса comma  маски подсетей и вообще,salium,+236,196732,1256,0
post_124899,Chosen: сделай выпадающие списки более дружественными,alizar,+236,8170,775,0
post_113723,NoteSlate — просто блокнот и ничего лишнего. За $99,zavhozmk,+236,14423,229,0
post_102973,Разработчик — разрабатывай,Banzeg,+236,507,35,0
post_212343,На электричестве до Крыма,ivanovlev,+235,98365,239,0
post_198344,Новый СОРМ: слушать будут всех comma  Вымпелком против,shifttstas,+235,216593,169,0
post_189040,Ищите ошибки с помощью Google или «взлом» аккаунтов на badoo.com,AnnaZah,+235,93695,146,0
post_175717,Blind Deconvolution — автоматическое восстановление смазанных изображений,YUVladimir,+235,70767,691,0
post_166009,R’ha — короткометражный анимационный фильм немецкого студента comma  открывший ему двери в Голливуд,last_level,+235,224169,333,0
post_141966,SkypeKit вылечен от жадности,zhovner,+235,10425,267,0
post_128280,Бесплатные книги,skim1776,+235,16634,1065,0
post_124261,Реверсия брендов,denissidak,+235,13497,77,0
post_120789,Переживания Эрика Шмидта,Shapelez,+235,320,42,0
post_90301,Стажировка в Google. Еще один взгляд,BlackStorkKCO,+235,4008,87,0
post_149237,Велосипеды на Javascript и jQuery,Sirian,+234,28548,1210,1
post_142989,ФАС разберется с нулевой пошлиной на iPad,veveve,+234,1003,9,0
post_139137,Как я стал уголовником,neskey,+234,7443,129,0
post_118902,Стандартный_тест_на_обработку_длинного_заголовка,NatalyaRukol,+234,704,20,0
post_116838,Оптимизируем процесс работы в консоли,Vorb,+234,3686,427,0
post_39266,Что на самом деле сделал Google,veter,+234,517,26,0
post_37364,А им не параллельно),master1981,+234,2401,26,0
post_166715,Никогда не отвлекай программиста!,alizar,+233,149047,855,0
post_116250,Тайм-менеджмент: эволюция,ThePretender,+233,3507,60,0
post_112237,Дыра на free-lance.ru,WildZero,+233,1459,24,0
post_110754,Как хакер издевался над преступником comma  своровавшим его ПК,alizar,+233,7865,99,0
post_94595,Используйте голову,akeepaki,+233,5598,274,0
post_78879,4700 слов правды,Boomburum,+233,1010,60,0
post_203094,Вечный торт: интервью с Денисом Крючковым comma  основателем Хабрахабра,XakepRU,+232,73689,224,0
post_139732,Как я делал самый популярный сайт о выборах,sharkzz,+232,6704,578,0
post_131008,Subtle Patterns: фоновые текстуры для вашего сайта,alizar,+232,24369,1350,0
post_130594,Неравномерно идущие часы,Ocelot,+232,9654,215,0
post_126170,Чего стесняемся comma  Google?,Antorix,+232,517,18,0
post_115700,Весенний апдейт comma  ч.1 «Торт»,deniskin,+232,624,25,0
post_113675,Чем порадовать любимую 14 февраля,Terehoff,+232,20253,228,0
post_104083,Как выглядит китайская клавиатура,ABBYYTeam,+232,182949,142,0
post_95438,Как на самом деле работает мозг,forgotten,+232,14560,319,0
post_92231,РАО снова жжот,nooze,+232,585,7,0
post_88737,Почему гику стоит переходить на Linux,ksi,+232,6369,132,0
post_183506,2084. Смерть копирайту,DenisVitman,+231,83429,106,0
post_180743,Смешивание текстур ландшафта,AndreyMI,+231,56527,822,1
post_168799,Василий Воропаев ушел с поста генерального директора Free-lance.ru,seweb,+231,49449,23,0
post_151934,Готовимся к наступлению Великого Русского Фаервола,shifttstas,+231,139633,542,0
post_142126,Ностальгия: роемся у «Танчиков» под капотом,horror_x,+231,11681,404,0
post_138291,Ещё +2Гб для вашего DropBox аккаунта. На сей раз comma  промо-акция DropBox и Three.com.hk,BannedMi,+231,5943,156,0
post_204008,Майнинг и как он работает: матчасть,Scratch,+230,134151,839,1
post_179543,Как уронить Windows шестью строчками кода,Jeka8,+230,187158,377,0
post_125018,DDoS-атака на Хабрахабр: post-mortem,ximaera,+230,47011,38,0
post_107631,Бесплатный VPN от Amazon,karohos,+230,42598,908,0
post_101396,Вопреки заявлениям Google comma  открытый Chromium тоже следит за вами,alexey_uzhva,+230,8872,21,0
post_87034,Жесткий диск умер — теперь работает как часы,Derailed,+230,30517,232,0
post_214529,Чемоданы айфонов и гопники в Бутово: как мы чуть не разорились на продукции Apple,ni404,+229,160064,223,0
post_186782,Эстафета из 50-ти квайнов,alizar,+229,94624,377,0
post_182302,Пост ненависти к модальным окнам,EugeneKudashev,+229,66138,50,0
post_157151,Adobe рассылает непонятные письма,adubovskoy,+229,102154,81,0
post_137276,Ближайшее будущее аккумуляторных батарей,polosatymyx,+229,25213,637,0
post_106702,Пишем свой драйвер под Linux,iznakurnozh,+229,15064,332,0
post_85984,Интерфейс программы Киви для Айфона,fearout,+229,1337,84,0
post_81998,iWish,andreyvo,+229,573,9,0
post_68273,Кевин Митник,jawbreaker,+229,14239,135,0
post_175885,Как я однажды преподавал программирование не как все,Labutin,+228,107435,220,0
post_156491,Контроллер «Virt2real» comma  или просто — Виртурилка,Gol,+228,162375,893,0
post_149447,Wi-Fi: неочевидные нюансы (на примере домашней сети),apcsb,+228,349505,2165,0
post_141524,Я и мои джойстики или как превратить хобби в работу (и наоборот),14TBAP_Kos,+228,32424,256,0
post_137210,Главе Крыма на открытии школы показали компьютерный класс с одними мониторами,zapimir,+228,3471,56,0
post_135344,Рисуем картинки с помощью кривой Гильберта,mkot,+228,9343,395,0
post_132032,PayPal или «Плати comma  дружок»,misha_kvakin,+228,10354,49,0
post_107607,Here be dragons: Управление памятью в Windows как оно есть [2/3],amirul,+228,9274,210,0
post_193578,Частный космос теперь и в России,Zelenyikot,+227,42807,116,0
post_185872,NES comma  реализация на FPGA,VaHG,+227,61122,234,0
post_184444,Венера или первые 60 kpx с другой планеты,Kamalesh,+227,83875,122,0
post_147148,Коаны о программировании,Nicolette,+227,18746,751,0
post_120159,Распознавание рукописных математических выражений,NeoNN,+227,2807,166,0
post_120079,Упрощаем регистрацию и вход на сайт,DezmASter,+227,6957,718,1
post_118113,Про вред молчания,Tomcat,+227,2810,181,0
post_108241,Вы наверное шутите comma  мистер Дал comma  или почему Node.js — это венец эволюции веб-серверов,inikulin,+227,5768,312,0
post_107161,The Case of the Intermittent Windows Freezes,amirul,+227,3594,209,0
post_75119,В поисках последней зарплаты comma  или как стать незаменимым и чем это чревато,artemlight,+227,2250,77,0
post_74267,Как я строил свой датацентр — часть вторая comma  строительная. Много картинок,piroman,+227,4170,57,0
post_50065,Тривиальные задачи по вёрстке,Vilz,+227,8421,621,0
post_49820,Зеркало для скачивания новых версий QIP.,pin,+227,604,5,0
post_201814,Внедрение корпоративного Linux в ПриватБанке,bodyakov,+226,82955,416,0
post_194736,Прекратите печатать!,ayakovlev,+226,109875,61,0
post_172263,Мысли об интерфейсе Facebook,digest,+226,107204,194,0
post_131791,Полочная акустика своими руками,nickurs,+226,60791,387,0
post_107160,«Социальная сеть»,phillennium,+226,649,22,0
post_89793,Цензура в новостях и блогах,leonidas,+226,373,5,0
post_65100,Hacking on Rails,tokza,+226,973,19,0
post_184662,Радиоастрон — телескоп будущего,Zelenyikot,+225,59357,129,0
post_161205,Ликбез по типизации в языках программирования,Fai,+225,86020,1127,0
post_123122,Раздача слонов или инвайты на Google+,MetallicAt,+225,685,17,0
post_118836,Компьютер-флэшка за $25,alizar,+225,7548,155,0
post_115126,Очередная регистрация ООО или жестокая война с налоговой,Rchee,+225,4458,165,0
post_104292,Как же стать злым?,artyfarty,+225,2162,55,0
post_72910,«Demonoid для нас – обычный клиент»: интервью с украинским провайдером пиратского трекера,pazzive,+225,678,20,0
post_57772,Идеальный NAS — Synology DS209+,Boomburum,+225,23707,132,0
post_19904,Пасхальные яйца в мультиках Pixar,Alaska,+225,3421,60,0
post_186314,Как легко потерять домен с миллионной посещаемостью,prostopleer,+224,160502,86,0
post_161401,Взгляд изнутри: RFID и другие метки,Tiberius,+224,71700,370,0
post_157305,Черногория — не Таиланд,Begetan,+224,183732,480,0
post_156761,К чёрту такие инновации!,javascript,+224,138321,38,0
post_139940,Защищаем сайт от атак на примере ХабраХабра,kafeman,+224,3826,678,0
post_136084,Демотивация по полной программе или почему я жду конца света?,Dehumanizer,+224,4372,786,0
post_100245,«Русский щит Северо-Запад» нарушает авторские права,KrasivayaSvo,+224,2210,12,0
post_89319,Как сделать хорошую фотографию глянцевого телефона,evg8000,+224,3561,160,0
post_81971,Перепрошивка USB модема ZTE MF627 comma  залоченного под МТС comma  для свободной работы с SIM-картами сторонних операторов + учим его звонить и принимать звонки & разлочка с помощью Unlock кода модемов Huawei,Mypuk,+224,100782,312,0
post_68143,Моя монетизация Твиттера,vikfed,+224,1664,57,0
post_65801,Полная чаша: работа дома comma  с женой и маленьким ребенком,dkuznetsov,+224,7777,59,0
post_40725,"Одноклассники" нарушают авторское право?,WoZ,+224,1299,18,0
post_198092,Как мы наживаемся на авторах — исповедь издателя,AndrewPokora,+223,69713,244,0
post_190912,Электромобиль Tesla S сломал оборудование для проведения краш-тестов,alizar,+223,240026,174,0
post_188826,Зачем МГТС двигает PON,telefonist,+223,77103,106,0
post_186160,Сражаясь с анонимностью,d00kie,+223,98652,452,0
post_169579,Мультиварка — умная кастрюля или «не доведенный до ума» гаджет,vikky13,+223,544091,1270,0
post_116909,Об английском и не только — как «вжиться» в иностранный язык,vkzm,+223,1787,162,0
post_105002,Опубликован весь архив Computer Science клуб при ПОМИ РАН,yasha_somov,+223,1250,491,0
post_101323,Прохлаждаемся: кондиционер своими руками,netAn,+223,30401,101,0
post_92886,О неадекватности отбора программистов,torbasow,+223,4210,56,0
post_50280,Боремся с Radarix.com. Часть первая.,gta4kv,+223,1099,16,0
post_48543,Обзор клавиатуры Optimus Maximus,Boomburum,+223,17235,21,0
post_48518,Делаем Liquid Resize своими руками,GMM,+223,3812,292,0
post_197514,Чиновники отклонили петицию об отмене «антипиратского» закона,Osaka,+222,99418,49,0
post_190478,Разработчик сообщил о баге в Facebook на страницу Цукерберга,aleksandrit,+222,124429,35,0
post_180163,Skype — Да comma  мы читаем все comma  что Вы пишете,GAS_85,+222,165778,103,0
post_163139,Six Towers. История успеха?,PapaBubaDiop,+222,70326,361,0
post_148102,Так что же случилось со Сбербанком?,hard_sign,+222,10992,71,0
post_120192,JavaScript F.A.Q: Часть 1,azproduction,+222,22768,840,0
post_101440,Как не стать спамером со своей уютной рассылочкой,Joshua,+222,11842,655,0
post_89439,Советы программисту-дизайнеру интерфейсов,apple_fan,+222,2604,286,0
post_95004,Как прокачивать мозг,Cord,+222,29541,734,0
post_210042,«Всем привет в этом чате» — мой любимый ответ на массовую рассылку,Milfgard,+221,91403,151,0
post_153995,В какой день лучше всего публиковать пост на Хабре?,Silf,+221,34230,194,0
post_140725,Android. Обзор боевых приложений,Asperka,+221,154400,2030,0
post_127024,Стив Джобс покинул должность CEO Apple,aleksandrit,+221,607,9,0
post_108156,«Намертво прибитая к ядру» графическая подсистема,amirul,+221,2469,135,0
post_103389,Летний апдейт,deniskin,+221,514,22,0
post_194254,Почему Curiosity на Марсе comma  а не в Неваде,Zelenyikot,+220,95990,88,0
post_193950,Замечательное выступление настоящего программиста,seventh,+220,123612,702,0
post_186978,Радиоастрон рвет шаблоны,Zelenyikot,+220,66542,119,0
post_156579,Собираем и заставляем бегать бюджетного гексапода,poconoco,+220,92810,666,0
post_143682,Тесла-пушка,Ocelot,+220,24669,423,0
post_136949,Сергей Супонев — вспомним,Makaveli,+220,4889,74,0
post_104777,Achtung: DDoS,Pas,+220,569,18,0
post_179333,Разработчик ядра Windows NT объяснил причины низкой производительности ОС,alizar,+219,135165,192,0
post_171199,Водитель Curiosity продолжает отвечать на вопросы Хабра,Singerofthefall,+219,45243,141,0
post_131868,Владельцам Wi-Fi оборудования вменяют обязанность ГЛОНАССирования,Nikolaich,+219,1783,60,0
post_53048,«Ошибки в ДНК» или как неправильный дизайн может приводить к миллионным убыткам,khim,+219,749,37,0
post_206936,Как мы запускали космический телескоп,Zelenyikot,+218,40651,73,0
post_150958,Ностальгия: как работают «сохранения на бумажке»,horror_x,+218,73485,245,0
post_149349,Про jQuery и велосипеды — мое дополнение,LionMuzzle,+218,21716,1253,0
post_145045,Статистика Хабрахабра,vyacheslav_ka,+218,42752,165,0
post_114937,12 способов не накосячить со вспышкой,Milfgard,+218,62883,588,0
post_102537,Виджет для Opera — OpenBoobs Reader,CaptainQuazar,+218,3008,77,0
post_98370,Facebook vs Вконтакте comma  Афины vs Спарты comma  США vs СССР comma  либерализм vs вертикали власти,art_of_press,+218,1252,60,0
post_36692,Вся неправда про Суперхабр,juks,+218,6430,104,0
post_157917,Как «открыть» микросхему и что у неё внутри?,BarsMonster,+217,91534,364,0
post_152995,Что нужно делать смолоду или как стать богатым айтишником,buddhaslav,+217,282247,2017,1
post_139399,Егор comma  прекрати взламывать Github!,alizar,+217,16098,54,0
post_119104,Angry Birds стали веб-приложением,phillennium,+217,1313,67,0
post_102614,Станция УВБ-76 подала четвёртый сигнал за 30 лет,alizar,+217,40905,116,0
post_99609,#Дождь в Trending Topics,MrMmka,+217,284,13,0
post_175025,Время вспять…,Glowfall,+216,60693,287,0
post_172553,У вас много денег? Перестаньте быть снобами,Mnemonik,+216,87845,127,0
post_155371,Как работает микроэлектронное производство и что нам стоит дом построить?,BarsMonster,+216,84794,465,0
post_132828,Plugin Detector — каталог и рейтинг плагинов jQuery,petrovnn,+216,2309,613,0
post_126164,Русские православные альтернативы отсталому Скайпу,andruhov,+216,4319,23,0
post_124347,Офис компании «ВКонтакте»,Boomburum,+216,55978,112,0
post_119743,Инфопункт comma  или интересная инициатива властей Петербурга,Alwake,+216,704,24,0
post_117695,Паять просто (комикс),atarity,+216,7976,410,0
post_99797,Handy Light. Как подросток обхитрил Apple,smartov,+216,1986,10,0
post_83611,История одного неудачного взлома,Kamael,+216,2252,20,0
post_60399,Дело Джо Тененбаума,Shapelez,+216,462,16,0
post_211444,Rosetta — самая интересная космическая миссия 2014 года,Zelenyikot,+215,64513,139,0
post_210086,Сервисы экспресс-доставки прекратили доставку посылок в Россию,Roschen,+215,125049,92,0
post_185154,Генерация музыки в реальном времени,Armaxis,+215,75577,513,0
post_144686,Разработка ПО авионики,wwakabobik,+215,26669,394,0
post_133780,Пишем примитивный и никому не нужный компилятор,zserge,+215,20467,586,0
post_97646,ФБР не смогло взломать зашифрованный диск (сдались через год брутфорса),alizar,+215,8664,47,0
post_200640,Астрофотография в каждый дом,BarsMonster,+214,70601,576,0
post_151280,Возможно comma  вы идете не туда,alexrublev,+214,104082,710,0
post_113264,Загрузочный телефон,Recluse,+214,5358,212,0
post_99324,Как собрать Кубик Рубика 5х5х5 (часть 1),Alex_MIPT,+214,11614,170,0
post_62894,Пост тотального превосходства маков над другими унылыми компьютерами,kortunov,+214,442,18,0
post_186894,Официальная позиция Ростелекома по поводу блокировки сайтов,ElGatoAhuecado,+213,97755,28,0
post_134784,Работа с памятью (и всё же она есть),evgenyl,+213,17569,600,0
post_75649,Свой сапер на своих батниках,nsinreal,+213,2464,66,0
post_39616,Дети,eosunknown,+213,1389,27,0
post_197634,«Хабрахабр» запускает программу поддержки стартапов,deniskin,+212,62487,342,0
post_193600,Что дети думают о программистах и программировании,holymay,+212,52082,113,0
post_168787,Простой ответ на сложный вопрос: Почему работа не идёт?,alexrublev,+212,94020,555,0
post_143718,Ещё раз о невероятной лояльности службы поддержки Logitech,Pagefest,+212,18602,140,0
post_141022,Исходники Prince of Persia нашлись спустя 23 года,alizar,+212,5653,79,0
post_123600,Нигерийские мошенники на Molotok.ru. Одна из схем мошенничества,pnick,+212,16276,26,0
post_119936,Австралийские роботы сами придумали себе язык,IkarDedalovich,+212,1196,67,0
post_109623,Вот так надо продавать свой старенький Мак,PeterQ,+212,3003,58,0
post_108464,ИБ на Новосибирском Заводе ХимКонцентратов (производство ядерного топлива),awarebeaver,+212,1855,50,0
post_84350,Дешевый способ добраться до Гавайев,mnarinsky,+212,2250,18,0
post_80721,Шпаргалка по расшифровке имен видеофайлов,Sirob039,+212,6857,407,0
post_210690,Крупнейшая битва в истории EVE Online: уничтожено кораблей на $200 000,alizar,+211,310056,161,0
post_200612,Как писались игры на Dendy,PerlPower,+211,107365,317,0
post_167581,3000 кораблей схлестнулись в бою в EVE Online,madmaxcorp,+211,269555,211,0
post_141922,Искусство публичных выступлений,philipto,+211,17055,1160,0
post_122524,Google AdSense или лес рубят — щепки летят,veveve,+211,7092,27,0
post_113516,Спасибо!,Sberbank,+211,24303,15,0
post_113226,Стильный фон за 5 секунд,shaida,+211,2010,302,0
post_94548,Прекратите спрашивать с меня подтверждение,G_Z,+211,1368,84,0
post_206100,3G-интернет на 33 км,realscorp,+210,100095,428,0
post_202460,Люди с кодопрошлым или закат программистов,lucius,+210,146027,249,0
post_186424,Вертолёт на педалях продержался в воздухе 64 секунды,alizar,+210,126271,107,0
post_170497,Дата-майнинг 10 000 актёров порно,alizar,+210,169602,235,0
post_149090,Хочешь быть iOS разработчиком? Будь им!,jarvis,+210,118826,2615,1
post_135776,Как Google тестирует ПО,skid,+210,11242,806,0
post_127391,Почему фрилансер и заказчик часто считают друг друга идиотами,Milfgard,+210,75613,374,0
post_115092,Как вернуть качественный звук в Windows 7 — побитовый вывод comma  аппаратные эффекты (EAX и пр.),Audiophile,+210,72508,398,0
post_197314,Очередная программная закладка в роутерах D-Link,Xlab,+209,94346,397,0
post_196232,Роскомнадзор начал блокировать сайты за тексты с Детской Порнографией™,shifttstas,+209,138837,48,0
post_152747,Создаем рекурсивные ярлыки в Windows,IGHOR,+209,80405,670,0
post_118475,Как стать системным администратором — пособие для начинающих (часть 1),amarao,+209,123487,767,0
post_116214,SSH-туннель домой без необходимости оставлять включённым домашний ПК,zilia,+209,42904,848,0
post_113376,Прощай comma  салфетки comma  или как избавиться от глянца ноутбука,cosharika,+209,10522,258,0
post_109731,Умри comma  но заплати долг Мегафону: о том ли спор?,gegory,+209,718,5,0
post_97301,(обновлено) Уровень приёма сигнала на iPhone 4 падает в разы comma  если взять телефон в руку,xqz_me,+209,3217,9,0
post_63819,Как стать разносчиком спама ВКонтакте из-за любопытства,xanf,+209,5545,34,0
post_38208,jQuery для начинающих,AntonShevchuk,+209,39578,990,0
post_171015,Пример — часы на СSS3 без изображений и JavaScript,rassadin,+208,62867,685,0
post_144216,Налог на сайт,veveve,+208,4949,42,0
post_128323,Яндекс начинает борьбу с переоптимизированными текстами,adamant,+208,418,13,0
post_119659,Разработка браузерной стратегии,Armin,+208,6402,239,0
post_103635,Внутри MP3. А как оно всё устроено?,negasus,+208,11275,349,0
post_78635,Твиттер взломан иранскими хакерами,Bis,+208,393,8,0
post_77291,Ни х** нету или секреты перевода на русский язык facebook,Squirrel,+208,580,15,0
post_217717,Я позвонил comma  чтобы потратить ваше время,mclander,+207,77663,82,0
post_191780,Новая Зеландия запретила софтверные патенты,alizar,+207,48755,66,0
post_185638,Основная особенность наших разработчиков,Yfka,+207,108670,400,0
post_117315,Вышел Nginx 1.0,zkv,+207,213,38,0
post_112165,История одного вскрытия: реверс-инжиниринг Java ME трояна,den_lesnov,+207,2359,62,0
post_67179,Сверхплавное передвижение объектов,dmitrek,+207,2294,212,0
post_66209,QIP: точки над «i»,Skiminok,+207,2798,79,0
post_183748,Чёрные списки: как мы судились с Роспотребнадзором (часть 2),edwardspec,+206,46083,50,0
post_147927,Я не знаю ООП,ffriend,+206,69272,918,0
post_138749,Техническое задание на сайт,stg34,+206,122181,1979,0
post_138855,Судно на воздушной подушке,kaliostro,+206,13127,189,0
post_120265,Уязвимость в reCaptcha позволяет активировать до 30 действий по одному и тому же токену,aig,+206,1141,22,0
post_114471,2000 из 3000 иконок готово — стань соавтором! (стол заказов),gasyoun,+206,6926,451,0
post_43406,Мертвые с косами. И тишина…,ZakharS,+206,3402,231,0
post_190972,Заявление Брэдли Мэннинга после вынесения приговора,alizar,+205,93734,67,0
post_190202,πfs — революционная файловая система без хранения данных­,ValdikSS,+205,130873,291,0
post_174831,«Почта России» наносит ответный удар,veveve,+205,129196,103,0
post_137915,Anonymous приступили ко взломам сайтов «Единой России»,Flexo,+205,1328,141,0
post_135752,Как вернуть потерянную активность и перестать быть зомби,alexrublev,+205,14243,879,0
post_131615,Об одной ошибке оптимизации времени выполнения,kostik450,+205,499,51,0
post_128163,Флешмоб в поддержку ПростоПринт,ral,+205,199,5,0
post_86594,Маленькие проблемы большой компании,aig,+205,624,33,0
post_103146,Официальный хабра-фотохостинг — Habrastorage.org,TravisBickle,+205,1537,76,0
post_147675,Не тратьте своё время на дерьмовую работу в стартапе,Cancel,+204,20931,591,0
post_121171,Вчерашний бан — завтрашний эксклюзив,Shapelez,+204,932,16,0
post_116415,Тюнинг своими руками: убираем 3G-модем внутрь ноутбука,Tomasina,+204,21187,104,0
post_107983,Новозеландский программист создал бота-потребителя,marks,+204,2499,45,0
post_98056,Блокнот,Yfka,+204,6421,23,0
post_74896,Как наш любимый Яндекс реагирует на сообщения о XSS,amonra,+204,290,8,0
post_49431,Как нас не взяли в Яндекс.Каталог на платной основе,mickolka,+204,5202,22,0
post_169147,Утилизация картриджей HP: жестокая реальность,Jeditobe,+203,61050,61,0
post_157045,Бета-тестирование «Фрилансим»,deniskin,+203,80372,197,0
post_146336,VIM — жестокий и беспощадный,r13,+203,6279,42,0
post_129943,В МТС решили запретить skype,sneg55,+203,2481,13,0
post_119907,Вышла новая версия Ajenti,Valery4,+203,5160,250,0
post_119009,Оптимизация PNG и JPEG без потери качества. Часть 1,Lorents,+203,27542,431,0
post_114820,Обновление Windows c 1.0 по 7,kvervo,+203,5271,87,0
post_110991,Вам календарик 2011,anatoly_rr,+203,1252,169,0
post_80059,Где погрызть гранит науки,EpeTuK,+203,7512,746,0
post_61004,TreeBrowser (браузер без табов) + демо-приложение,afan,+203,684,32,0
post_53817,Почему пожилая электронная почта по-прежнему идеальна для рабочего общения?,kostin,+203,575,47,0
post_45318,Gay Test v.2,hellraiser09,+203,1127,13,0
post_193204,ПриватБанк обвинил украинского программиста во взломе своего Android-приложения,Diam0n,+202,121970,55,0
post_171633,Киберприглашение на свадьбу или о том comma  как эффектно разрушить шаблоны,alexzzam,+202,74325,238,0
post_180259,Неизвестный математик совершил прорыв в теории простых чисел-близнецов,alizar,+202,147388,165,0
post_148248,Мышка кликера,atd,+202,11872,122,0
post_147377,О найме программистов и других инженеров,Terion,+202,5549,257,0
post_135897,Топ-5 самых впечатляющих книг comma  которые должен прочесть каждый разработчик ПО,Enrey,+202,71989,2902,0
post_133291,144-ядерный процессор Чарльза Мура поступил в продажу по $20,alizar,+202,10267,157,0
post_126255,Синдром вахтера,tangro,+202,2141,31,0
post_113876,Китай: как заказывать производство или поставку,Milfgard,+202,95051,600,0
post_62638,Классические алгоритмы — интересна ли тема?,xpic99,+202,2129,25,0
post_51857,Расширение функциональности готовых программ,VEG,+202,7487,217,0
post_49877,Что произошло с «аськой» (часть 2-я),Shoohurt,+202,3177,14,0
post_212517,Где и как будут искать внеземную жизнь после Марса,Zelenyikot,+201,58909,151,0
post_172665,Google Reader закрывают,rapida,+201,114816,199,0
post_162053,013.jpg или Принцессы не какают,attuda,+201,108957,465,0
post_152077,Нетипичная история «домового» провайдера,pwrlnd,+201,72006,184,0
post_115298,GoDaddy угрожает закрыть домен rospil.info из-за спамеров,workaholic,+201,477,10,0
post_109361,Мошенничество с использованием пластиковых карт,ipswitch,+201,63504,253,0
post_108061,Прокрастинация у творческих личностей,raacer,+201,4670,256,0
post_103572,Как поймать «поток» comma  и как сделать так comma  чтобы он не сорвался,Tomcat,+201,9372,453,0
post_79236,Джеймс Кэмерон,hellt,+201,1283,83,0
post_74711,Рекламное видео Windows 98,as3k,+201,845,42,0
post_58626,Священная корова Хабра?,reinvigorate,+201,173,3,0
post_41682,Hello comma  спамеры!,maxshopen,+201,288,12,0
post_169485,Обзор антикварного компьютера фирмы NEXT,monohrom,+200,63863,83,0
post_143921,Яндекс.Почта. Предотвращение хакострофы,d00kie,+200,44390,149,0
post_137265,Паровой зарядник для мобильного телефона,Vokabre,+200,8969,204,0
post_135937,Будущее иконок,idenisenko,+200,2537,202,0
post_112755,О том comma  как у меня украли домен comma  а я украл его обратно,antivir,+200,10047,74,0
post_102772,Эффективная обработка фотографий в Photoshop,mafet,+200,37192,692,0
post_98087,В качестве вступления,Parnassus,+200,19893,21,0
post_92165,Windows 7 «жрет» память. Так ли это плохо?,System32,+200,70084,123,0
post_62043,Мандельброт на .bat «for fun»,Imp5,+200,3392,76,0
post_38748,Скриншот-отчет по новому браузеру Chrome,Taoorus,+200,589,17,0
post_214261,Дракон для MSI,Palua,+199,62846,111,0
post_203476,Где таится история космоса,Zelenyikot,+199,46119,146,0
post_197672,Как я не взломал «Хабрахабр» или 10+ активных XSS,d4rky,+199,49472,143,0
post_189066,Физика радиационных эффектов comma  влияющих на электронику в космосе,amartology,+199,57743,337,0
post_173727,Почему HTML считает comma  что «chucknorris» — это цвет?,HotWaterMusic,+199,109794,213,0
post_163849,Что плохого в работе на результат,hdablin,+199,95454,671,0
post_113695,Fullmetal NAS,bird1833,+199,2798,83,0
post_105882,Когда не нужна тригонометрия,lany,+199,7669,333,0
post_89008,Почта России — причины проблем изнутри,netrain,+199,15796,26,0
post_78095,Обзор Android коммуникатора за $210 comma  DualSIM comma  5Mp comma  WiFi,RainFall,+199,1056,80,0
post_57892,Обвинение системного администратора по ст. 146 УК РФ (нелицензионное ПО в компании). Вып. 1,Jean_Valjean,+199,14750,151,0
post_57213,Лайфхак для сисадмина comma  когда не работает «ping ya.ru»,das,+199,3911,73,0
post_51328,Знакомство с jabber ботами,darkdimius,+199,2258,196,0
post_201422,Смартфон от РЖД,AlexeyNadezhin,+198,127040,56,0
post_181089,МТС просит государство защитить себя от Skype,timsoid,+198,150046,53,0
post_167449,О высокой зарплате замолвите слово,ayakovlev,+198,99586,277,0
post_142166,Яндекс.Пробки. А туда ли вы едете?,chipik,+198,46556,101,0
post_134163,Data Mining в онлайн играх,wildmandnd,+198,8139,415,0
post_129560,Как на самом деле работает mod_rewrite. Пособие для продолжающих,cronfy,+198,102359,1192,0
post_123635,Масштабируемые JavaScript приложения,azproduction,+198,13232,540,0
post_114915,«Билайн» оштрафован на 100 000 рублей за рассылку рекламных сообщений,malferov,+198,1472,15,0
post_79038,WebSockets — полноценный асинхронный веб,el777,+198,37723,449,0
post_77587,Программист и антивирус,ttools,+198,3322,24,0
post_75384,Активацию Windows 7 доломали окончательно,alizar,+198,74202,220,0
post_215959,Незаметные сложности ракетной техники: Часть 4. Ещё про двигатели и баки,lozga,+197,53228,230,0
post_209242,Незаметные сложности ракетной техники. Часть 2: Твердотопливные двигатели,lozga,+197,64341,251,0
post_204274,Wireshark — приручение акулы,sinist3r,+197,110756,1681,1
post_197998,Сказ о том comma  как у украинского оператора появились серьезные проблемы,danzag98,+197,111083,106,0
post_140400,jQuery File Upload,Alexufo,+197,70097,1681,0
post_138529,Ловушка для ботов,veveve,+197,5627,79,0
post_135349,iPhone 4 на CSS3 без использования картинок,TjRus,+197,4095,323,0
post_133950,Швейцария: музыку и фильмы по-прежнему можно скачивать легально,ohm,+197,1649,90,0
post_100085,AmbilightUSB,brunql,+197,13939,286,0
post_107286,Взгляд на современные системы защиты от спама веб-форм,exIV,+197,3637,166,0
post_80517,Пару слов о велосипедах,habracut,+197,643,27,0
post_50715,Нелегальное число,LaggyLuke,+197,1202,22,0
post_45656,Как раньше ноутбуки делали — Toshiba Libretto 50ct (1997 г.в.),kurtkrut,+197,3703,20,0
post_44085,Как зарегистрировать домен бесплатно,alexbyk,+197,29877,322,0
post_194106,Как узнать все платежи в системе Яндекс.Деньги?,IMA,+196,52008,62,0
post_192722,Сноуден пролил свет на ситуацию со взломом криптографии. Все плохо,Akr0n,+196,170051,232,0
post_157993,Что делать comma  если вам надоели рекламные СМС,zdec,+196,130659,629,0
post_147634,Загадочный случай в нью-йоркском метро,ivako,+196,19645,454,0
post_134058,Гугл научился строить графики математических функций,ohm,+196,20063,143,0
post_129204,История одного взлома или как пытались увести всё comma  но не увели ничего,Snupt,+196,3164,38,0
post_116758,Визуализация графов. Метод связывания ребер,orionll,+196,8884,275,0
post_115881,Архитектура и платформа проекта Одноклассники,Odnoklassniki_ru,+196,80944,292,0
post_77067,Делаем цифровую фоторамку из старого ноутбука,Nidaylokn,+196,7846,54,0
post_62299,Миссия невыполнима,Shapelez,+196,2060,110,0
post_206886,Дюжина дизайнерских косяков,mrdocktorzlo,+195,98669,758,0
post_172277,Мой поиск работы C# программистом в Нью-Йорке,vsapronov,+195,124990,458,0
post_132558,Теория шести рукопожатий: еще одно подтверждение,shuttie,+195,15340,169,0
post_86702,Netsukuku — свой собственный интернет,Halt,+195,19074,176,0
post_86415,Петиция в Госдуму и реакция «интеллектуальной элиты»,vasilievvv,+195,353,17,0
post_192942,Коктейли ко дню программиста,zayko,+194,85370,680,0
post_167927,Звук диалапа,alizar,+194,94966,395,0
post_158237,Lurkmore заблокировали согласно 149-ФЗ,GliX,+194,194747,56,0
post_147599,Законопроект № 89417-6 принят во втором и третьем чтении,silvansky,+194,8657,90,0
post_143129,Нейросети для чайников. Начало,Paul_Smith,+194,56400,1542,0
post_134483,О том comma  как идея побеждает маркетинг comma  а сельские дети калькулятор. В уме,avfonarev,+194,1528,191,0
post_125396,CSS хаки,Grammka,+194,44004,890,0
post_116173,Licenzero: порно детектед,borges,+194,11532,101,0
post_109629,Создаем хардварный логгер клавиатуры,dlinyj,+194,8252,181,0
post_109125,Подключаем к плееру из Vogue наушники и регулятор громкости,dlinyj,+194,2739,83,0
post_100531,Забавная фича «В Контакте»,webster,+194,3590,17,0
post_94800,Визуальный редактор на jQuery,lessio,+194,6087,319,0
post_92335,Ubuntu «Lucid Lynx» 10.04 LTS,zar0ku1,+194,5770,29,0
post_89360,Почему я люблю Microsoft. Заметки зомби,oskolade,+194,3933,101,0
post_73043,Интерактивный редактор для jQuery — прорыв?,Artima,+194,1299,259,0
post_216463,Хабр comma  привет!,rubin16,+193,36122,44,0
post_212859,Новый уровень китайских поддельных микросхем — FT232RL,BarsMonster,+193,84346,101,0
post_200440,Гематитовый хребет — новая надежда астробиологов,Zelenyikot,+193,55053,82,0
post_195340,Организация кружка электроники и робототехники в Москве,GoodSolder,+193,63275,178,0
post_187546,Женщина-математик comma  которая разрабатывает алгоритмы для лифтов,alizar,+193,93767,144,0
post_121253,Бесплатный сыр или Откуда столько обзоров китайских Android-планшетов?,Kpyto,+193,119681,82,0
post_151574,В новый микроскоп IBM видно межатомные связи в молекуле,alizar,+193,105418,150,0
post_132990,Как включить новый дизайн YouTube,userpiv,+193,9378,117,0
post_130310,Релиз Ubuntu 11.10 (Oneiric Ocelot),MaxPv,+193,4113,51,0
post_129579,Обвал акций Яндекса comma  письмо инвесторам и Chrome,veveve,+193,3789,12,0
post_123297,Самоубийственный разбор юзабилити «Хабрахабра»,Di_Zed,+193,741,50,0
post_120324,Новый алгоритм для депикселизации графики,alizar,+193,1455,113,0
post_117996,Популярные вопросы на собеседовании по C++ и ответы на них,NevRA,+193,47398,591,0
post_112843,Работаем с jQuery Templates,psg1234,+193,38732,590,0
post_103621,Как бороться со стикерами на ноутбуках,tau,+193,4679,24,0
post_65783,Как я работал по два часа в день,Konovalov,+193,3957,102,0
post_65683,Ускоряем запуск браузера FireFox,alkhankhel,+193,11973,459,0
post_62626,«RIAA должна быть расформирована» — Moby,Shapelez,+193,912,10,0
post_203464,Нет снега? Нарисуем!,FilatovS,+192,47334,99,0
post_194318,Инсталлятор CyanogenMod появится в Google Play comma  разработчики получили $7 млн инвестиций,alizar,+192,109494,183,0
post_184212,1 канал объяснил comma  зачем вводится закон о блокировании сайтов,ID_Daemon,+192,111883,73,0
post_174483,Одна из самых больших DDoS-атак в истории,ilya42,+192,148823,185,0
post_171529,Хак поиска кратчайшего пути в StarCraft,alizar,+192,100484,286,0
post_150327,Руководство новичка по эксплуатации компоновщика,rhaport,+192,34063,717,0
post_143617,Профессиональная иммиграция в Австралию comma  IT и жизнь на другом континенте,Svbakulin,+192,80656,1092,0
post_135861,Обратная разработка коммерческой программы: кейген для Zuma Deluxe,hidefromkgb,+192,7666,351,0
post_128954,Логотипы брендов из будущего,denissidak,+192,5970,64,0
post_112822,Основы фотографии: выдержка comma  диафрагма comma  ГРИП comma  светочувствительность,levap,+192,115044,837,0
post_111707,Зачем на самом деле нужен мозг,forgotten,+192,14362,377,0
post_109513,Джулиан Ассанж арестован в Великобритании,marks,+192,478,8,0
post_93013,Как не быть обманутым злыми буратинами,Aquahawk,+192,1251,305,0
post_84974,Google Nexus One,Boomburum,+192,2168,50,0
post_53717,Устройство для снятия стресса,nooze,+192,1924,45,0
post_187214,KPHP от ВКонтакте,Teodorix,+191,124031,127,0
post_168807,Playstation: как это было,PerlPower,+191,68815,215,0
post_138370,Строение двигателей,grau1812,+191,27799,712,0
post_135207,Используем хабракомментарии как машину Тьюринга,lucius,+191,1352,94,0
post_109473,Что нужно знать про оплату банковскими картами через интернет,Onair,+191,27290,166,0
post_93026,Стив Джобс о флеш-технологии. Прикладная риторика,Malinnikov,+191,1368,47,0
post_80657,Подробности о «раздевающих» сканерах в аэропортах,kuzvac,+191,3930,19,0
post_68323,Векторизуем изображение генетическим алгоритмом,SkywalkerY,+191,1551,76,0
post_205168,Железо на службе у алгоритма,TechThink,+190,85084,291,0
post_203576,Легендарный криптограф Диффи попытался остановить патентного тролля,alizar,+190,100410,82,0
post_186888,ORANGEMAN: новая раздача серверов comma  итоги и планы на будущее,rusonyx_team,+190,47627,42,0
post_183164,Моя работа — ждать IT-катастрофы,lucas_409,+190,73499,265,0
post_168749,Moon+ Reader восстановлен в Google Play,Nedder,+190,49389,21,0
post_165373,В поисках идеального css-фреймворка. Требования comma  реализация comma  maxmertkit,maxmert,+190,58810,1156,0
post_156291,Подборка инструментов для эффективной frontend разработки,modernstyle,+190,80304,2667,0
post_120415,Как и почему следует разбивать диск в никсах,sledopit,+190,11626,475,0
post_111197,Как порадовать невесту программиста,nortonix,+190,2853,90,0
post_80581,Немного о том comma  как создавался «Аватар»,Tigger,+190,56223,70,0
post_63086,Создатель Comic Sans,heel,+190,7276,26,0
post_57423,Философская геометрия comma  Часть 2. Корень из трех и его практическое применение,anti1869,+190,2029,146,0
post_46908,География и геометрия,href,+190,797,9,0
post_191268,Посты-рекордсмены,gromozeka1980,+189,84814,1260,0
post_175095,Как я систему безопасности для авиакомпании разрабатывал и сам оказался в опасности,igor_suhorukov,+189,127610,223,0
post_169991,Перешагивать скамейку,Tomcat,+189,87702,273,0
post_169077,HTML и CSS безумие [перевод],LegoMushroom,+189,86370,407,0
post_159401,Удобный интерфейс Хабра?,grokru,+189,47008,74,0
post_148425,Тренды comma  возведенные в культ,sashaeve,+189,23334,219,0
post_144043,Ремонтируем монитор содой!,subvillion,+189,23915,754,0
post_126211,Как я поступал в Бауманку comma  или «Шаг в будущее»,vaboretti,+189,8836,65,0
post_125821,Bit-squatting – посмеялись и забыли,anor,+189,628,9,0
post_110984,Ролик Деда Мороза 2: Ответ Старика,Nos_S_Dest,+189,17263,24,0
post_95766,«Телекон» извинился перед зрителями. Все точки над „i“ в истории про BolgenOS,OlegNT,+189,3102,16,0
post_67774,Никогда не говорите слово … comma  или регистрация в 2 щелчка мышью,kmike,+189,827,308,0
post_215223,В Стэнфордском университете разработали бумажный микроскоп стоимостью меньше доллара,ilya42,+188,97924,240,0
post_190468,Пересёк границу — потерял электронные книги,alizar,+188,98812,82,0
post_178149,Оранжевый чувак бесплатно раздает серверы,rusonyx_team,+188,115742,79,0
post_174467,Ежедневная работа с Git,jsirex,+188,140091,1695,1
post_136766,Паттерны ООП в метафорах,evgenyl,+188,79985,1919,0
post_129608,Крепление для ноутбука на монитор (сзади),Mnemonik,+188,9921,129,0
post_125499,Дерево ван Эмде Боаса,Invizory,+188,6434,286,0
post_120509,Профессиональная эмиграция — Часть 1 — Проблема курицы и яйца и как с ней бороться comma  а также развенчание мифов,Londoner,+188,21354,538,0
post_118564,Как устроен jQuery: изучаем исходники,TheShock,+188,21034,501,0
post_117084,Подборка 10 css3 кнопок,witka,+188,30721,873,0
post_113752,Как не надо делать автообновления,EvgeniyRyzhkov,+188,4986,14,0
post_111603,Хабраиндекс для статей по программированию под Android,Tibr,+188,53976,1189,0
